{"placements":[{"x":1250.5283544392773,"y":3186.7492653579593},{"x":1176.8464917132796,"y":2481.8204951435328},{"x":1153.159567437441,"y":3271.878380440841}]}