{"placements":[{"x":1254.6442739261915,"y":3260.635509695743},{"x":1214.3134948046209,"y":2805.0707015479484},{"x":1136.0758953586346,"y":3209.8786189514904}]}