{"placements":[{"x":1263.1192497544534,"y":3220.415379771874},{"x":1090.069221442215,"y":2909.5733984774292},{"x":1235.96354720302,"y":2906.3688733825147}]}