{"placements":[{"x":1249.682140767417,"y":3226.773515854253},{"x":1260.6331106646908,"y":2522.2483084549663},{"x":1262.1509409356722,"y":2648.519587021516}]}