{"placements":[{"x":1264.0,"y":3234.111612714966},{"x":1264.0,"y":2486.155526010803},{"x":1264.0,"y":2729.1002175482686}],"volumes":[10.0,10.0,10.0]}