{"placements":[{"x":1264.0,"y":3230.1852415088993},{"x":1264.0,"y":2486.155526010803},{"x":1264.0,"y":3243.1258593079906}],"volumes":[10.0,10.0,10.0]}