{"placements":[{"x":1743.8033780428852,"y":1175.0851665125597},{"x":2078.0,"y":1172.0}]}