{"placements":[{"x":1708.624307008839,"y":1217.1906184291463},{"x":792.9690972621906,"y":1519.6527026690953}]}