{"placements":[{"x":1765.4867687103917,"y":1182.4831299200769},{"x":940.301828167733,"y":1419.868201052322}]}