{"placements":[{"x":1724.6106170974508,"y":1187.3929934796588},{"x":1744.2178863479137,"y":1550.5908961176144}]}